transaction_hash,transaction_index,block_number,gas_used,effective_gas_price,base_fee_per_gas,earn_txn_fee,init_time,mu,sigma,est_mu,est_sigma,est_shift
0x40b3d8bd898efc65d4909401a61603ef7d6c8082807e4d60ead81458df53b174,36,19000012,46572,18577207823,17953360630,29053811472396,0.11920731951582964,-1.870173890564745,0.7221301518848864,-1.9084728316626458,0.7472428395248332,0.12487460589080304
0xe8f04165bfb99578ca9b89ba3e044a5fcf0b86b52211200b56d882faeb153a7e,61,19000012,69536,18053360630,17953360630,6953600000000,0.124379875417715,-1.870173890564745,0.7221301518848864,-1.8977486567710562,0.7336852168701826,0.1270476834384971
0x0319349d6314ec53f7a7afcaaabeddf7ee0669a9c86706a3b83bcf5b1d182013,114,19000012,170841,17963360631,17953360630,1708410170841,0.5138817681605286,-1.870173890564745,0.7221301518848864,-1.9017050809185672,0.7460609339847675,0.518565340714603
0xc4079238703a79a1366057040aa4cf18d494115d918d61ec5e83678860698f7e,44,19000012,168066,18053360630,17953360630,16806600000000,0.6320321452042101,-1.870173890564745,0.7221301518848864,-1.876089505307038,0.7387111477535754,0.6350720403550325
0x9e0c2d03adb4c9536fe8891aa74a5b52f774d6ffccf0b9bd40e30c03301b7091,73,19000012,58409,18053360630,17953360630,5840900000000,0.9293894111981569,-1.870173890564745,0.7221301518848864,-1.8721044812532492,0.7251631530312944,0.9300650323497457
0x70b52c6ab16889b02b598243c3b97a86c9c6daac59e9f2d974043c7b59bc8175,79,19000012,47248,18053360630,17953360630,4724800000000,1.036948918269395,-1.870173890564745,0.7221301518848864,-1.8864765485313442,0.7352525778397729,1.040326521136609
0xce92fb171743d29c8c3743381cd4475219a441d3d4284ba444bd23b5ee6238ab,37,19000012,280595,18053360630,17953360630,28059500000000,1.0524971108928205,-1.870173890564745,0.7221301518848864,-1.8930063862193227,0.7427934364883536,1.0556352694515918
0xcbc926383796b4d1824b5771778b919d957fa2d96df18efd720e77666333c614,43,19000012,173204,18053360630,17953360630,17320400000000,1.160826608408554,-1.870173890564745,0.7221301518848864,-1.885853456586055,0.7338548641415755,1.1634777346629166
0xd72651c5c8e046ac2cb248f4b46af23d2491d85e1d96d21d75495ab25ee265a7,27,19000012,46923,20453360630,17953360630,117307500000000,1.2398690986826804,-1.870173890564745,0.7221301518848864,-1.8722114273054649,0.7216509545762058,1.2402546180176026
0x0000000899ac24d3d3e078583a6cd8e5419c043120847ce3d7e5d91d33f2fc21,99,19000012,22824,18053360630,17953360630,2282400000000,1.2775432026161284,-1.870173890564745,0.7221301518848864,-1.8935101628916071,0.743309737742792,1.2808888091741135
0x8333e96f2eab110f2d5d4ca539115218f8cfd7b3b23271f4a35bb4074415d7f5,100,19000012,22744,18053360630,17953360630,2274400000000,1.3784861214962052,-1.870173890564745,0.7221301518848864,-1.9063629780838016,0.7486518398208861,1.3837757164336786
0xe05236977a419483a3dded910adc77484da90d4d8084fd299b1b9cbb827b1828,67,19000012,21000,19778889403,17953360630,38336104233000,1.4139970294212052,-1.870173890564745,0.7221301518848864,-1.8893925180027955,0.7334424206190615,1.4164459784704937
0xfd9f8401b2a8c58abd963a72c40fa3878785a9bfecf74ab77b97fe379722133a,52,19000012,63197,18153360630,17953360630,12639400000000,1.479766271211039,-1.870173890564745,0.7221301518848864,-1.8909926246321913,0.7376081541836368,1.4830453523698153
0xc51d44e690e9ae6a3121ff5af32d39c953ac6d96ceb1496199a9223e17c21390,119,19000012,97891,17963360630,17953360630,978910000000,1.5423962704736076,-1.870173890564745,0.7221301518848864,-1.883849516512668,0.7392005679788021,1.544701738979319
0xf09a7b6c5ae08a01082f778ebac029e09de1bf30d3c1e8fdc6e7fa4b7ec1f3eb,130,19000012,21000,18953360630,17953360630,21000000000000,1.6733229232280253,-1.870173890564745,0.7221301518848864,-1.8887950377194,0.7420922683414559,1.676292754282128
0x4ab189d8be38505866501629011390b93e8dca44793a856e3f423c9e864958f8,97,19000012,26351,18053360630,17953360630,2635100000000,1.7999361916179795,-1.870173890564745,0.7221301518848864,-1.875926206188703,0.7402798670109845,1.802528813933687
0x8381cbfb53d334f53e0f8a80d3dc92454acb5ac5278f09f224e9f36e8ec1da34,110,19000012,21000,18053360630,17953360630,2100000000000,1.8520730890626393,-1.870173890564745,0.7221301518848864,-1.9175890402660745,0.7579772922005664,1.858088545406739
0xedd5a02fbdf2534bbec222b1fa4e7cc368cb86bf19952a2b4fee183df58f5840,48,19000012,151469,18053360630,17953360630,15146900000000,1.8895118657565204,-1.870173890564745,0.7221301518848864,-1.881268453264248,0.7352360149956142,1.8915342636643246
0x5867de986ebc6a2ef5f6a01df830ca507582675d27a04e9b9baacfcc62ca8b5a,103,19000012,21992,18053360630,17953360630,2199200000000,1.9611849382183206,-1.870173890564745,0.7221301518848864,-1.8888192642627482,0.7457768059630848,1.9646688742291143
0xbb7e5badcf859eb81ba55ba9724f137f1b666aae00ca586aa81759df153747c4,31,19000012,269300,18253360630,17953360630,80790000000000,2.0109213794784067,-1.870173890564745,0.7221301518848864,-1.8829718314315615,0.7376624685732894,2.0125492034997197
0x383788451115a2dc3be9bef72c16e3c1102ed8afa2fafac41ee199407024e6db,91,19000012,38625,18053360630,17953360630,3862500000000,2.1623702663323843,-1.870173890564745,0.7221301518848864,-1.8763531873657717,0.7442281091061315,2.164019657129821
0xa5fac9dddd3e4c1a0d45e363ac2e01f171131a9219d0a9e316619b3ec053adc7,17,19000012,113436,21837037527,17953360630,440548772488092,2.16587989755599,-1.870173890564745,0.7221301518848864,-1.8879201996578414,0.7299374080661359,2.168057429602434
0x93d0fe6ff8fca0699fac5a4079fbcf9aee16da095fa57d95b4dd0f58d0941c25,102,19000012,22728,18053360630,17953360630,2272800000000,2.178239484033696,-1.870173890564745,0.7221301518848864,-1.894749211365799,0.7445077941690678,2.1813168467068023
0x3a43264228b4b1fa325d19fd57341ee8443d3c84d4a2a35e54f1040bc033e8f3,11,19000012,177639,20953360630,17953360630,532917000000000,2.1884496647709892,-1.870173890564745,0.7221301518848864,-1.891429609041968,0.7335523997158737,2.1919253332114326
0xdfcd63235581ac5e0486b17e25b9f1112c5cbac465606cd61a283e20d0a94bc0,29,19000012,55091,19750411784,17953360630,99001345125014,2.3091809323973567,-1.870173890564745,0.7221301518848864,-1.896165817481586,0.7416231424659009,2.3137473205006955
0x31e40644638b37e2d48ed0cf33df9271d4e811710b0f392e7a61c6477906b928,18,19000012,108917,21861270958,17953360630,425637869194776,2.3649743490141226,-1.870173890564745,0.7221301518848864,-1.8970648235433543,0.7420659833403841,2.3687521619171648
0xcaabea3a24f65375f4706aab4ae5cbf02c93630dc4e3d3029a9c1794aa90ab37,57,19000012,106858,18053360630,17953360630,10685800000000,2.6283365557965968,-1.870173890564745,0.7221301518848864,-1.8960126165520468,0.7455248752236279,2.6321468361264624
0xcc2a699677365272248ff836b6e72218dcb3de329e6be8874d0094679e7c598a,131,19000012,30079,17963360630,17953360630,300790000000,2.775217483372384,-1.870173890564745,0.7221301518848864,-1.8949288869805947,0.7423804268652168,2.778594938894857
0x2a89cd6836cccd50a7779c64da1b3c714530040905deac2eefb3f44c03fb744e,66,19000012,21000,19953360630,17953360630,42000000000000,3.09329116780394,-1.870173890564745,0.7221301518848864,-1.884787148009774,0.7360289791328862,3.0950773467395902
0xe1a48ae2571154090d06393fb4db10a6d0c46e95ef12829e30dacaefab7b9d06,13,19000012,240761,20034243730,17953360630,500995496039100,3.150076661642103,-1.870173890564745,0.7221301518848864,-1.8817468213834274,0.7384193692055351,3.1522736839432555
0xafc7bd3c183197ee7e02c91424ff4f34b32b9bc40447567a76532a20f5830462,34,19000012,46311,18837037527,17953360630,40923960776967,3.157120488478869,-1.870173890564745,0.7221301518848864,-1.8810944091829909,0.7348638679200048,3.158887027246656
0xdb1c560346e50961b047d7c340ce6120b232bfa13f3ff27e809229fb3fc3901e,121,19000012,85178,17963360630,17953360630,851780000000,3.22498665597195,-1.870173890564745,0.7221301518848864,-1.8921413192372998,0.7421138779302516,3.228133336082729
0xe5b93d2849c0507a4b042ba40d11fb87ab9c70323037e3c7771186bb30cbf9e8,101,19000012,22744,18053360630,17953360630,2274400000000,3.247292983539971,-1.870173890564745,0.7221301518848864,-1.88100449763473,0.7343897694397038,3.2492114117062587
0x02076c52cc3c2776f8b76aef013f34939b3ccdd22e109116629ada54916a3be4,88,19000012,98604,18000000000,17953360630,4598828439480,3.3269988765370386,-1.870173890564745,0.7221301518848864,-1.8910681377764766,0.7387609141185143,3.331191034956639
0xffeb8dffeba01d2e1f0b2e291d0cff95cc4c5bdb3ea60b2d797a6e95d85c6627,15,19000012,189879,20540902016,17953360630,491319770832294,3.3273860626048113,-1.870173890564745,0.7221301518848864,-1.8808877092807232,0.7369048017337274,3.328712998969298
0xf5a6ed148f5d4acaefbd4a641b80ee786ba706a0a3fa9959623b856dad68311e,68,19000012,21000,19454360630,17953360630,31521000000000,3.3583520892155807,-1.870173890564745,0.7221301518848864,-1.8874542580421374,0.7376658278357617,3.3615281486540547
0xeafc42e949dee030cae1e4a56a51c226906e71f4e8e9ead7a44b6c62cf3de775,107,19000012,21000,18053360630,17953360630,2100000000000,3.360129886554885,-1.870173890564745,0.7221301518848864,-1.8814524099791987,0.72916552881516,3.3624995572577197
0x58d95fe26150677a546f3344eec97705113f82d16deb8576355e9d6d227a109b,8,19000012,226093,22604445032,17953360630,1051577625701386,3.3803192462677996,-1.870173890564745,0.7221301518848864,-1.8831652567244632,0.7399258344996935,3.381856572797934
0xd8a39cfec43d075d643ec2177b4478745bb95880dac32a7cc55993cbc31db44a,104,19000012,21000,18053360630,17953360630,2100000000000,3.4273741633163257,-1.870173890564745,0.7221301518848864,-1.8997181773274627,0.7408132900335246,3.431553579348157
0xf427262d4c656692316a6b54d519d8275c6b70dea4b2a14863b95703e6bbfc98,95,19000012,29912,18053360630,17953360630,2991200000000,3.580298967001153,-1.870173890564745,0.7221301518848864,-1.8949752327374032,0.7416866467187029,3.583159704969462
0x070775a8f83799d936c26cc3402c5bb498305f8dcd1e685b9c834763119350b8,132,19000012,22111,17953360630,17953360630,0,4.047253707116497,-1.870173890564745,0.7221301518848864,-1.8816750521785883,0.7384201723009893,4.049200163477121
0xe7ac2192b94fd918ed2bc229f0b9b765d63f2ac3386ce01219ea28ab889f2c8a,54,19000012,153032,18033360630,17953360630,12242560000000,4.2051842337422825,-1.870173890564745,0.7221301518848864,-1.9078293980944945,0.751601063364575,4.211127791245828
0x21a77a903ac14a165906d4237b098752d9b89fa0bbfe01448ae854cf59413e61,19,19000012,165141,20453360630,17953360630,412852500000000,4.327377872041144,-1.870173890564745,0.7221301518848864,-1.8900880965398374,0.742461709005107,4.3308238246452175
0xc8445543209b30da6e3c0bdc0db15964eaf570904fc9f9b6a5ea3919820dd970,92,19000012,34350,18053360630,17953360630,3435000000000,4.33321393265016,-1.870173890564745,0.7221301518848864,-1.9075270845124266,0.7504390454910012,4.339177740872697
0xa17a58950598822360dace7e87e7bce3d6b3741d462c375c6d8a7df934f05517,51,19000012,144638,18053360630,17953360630,14463800000000,4.3463314853066795,-1.870173890564745,0.7221301518848864,-1.8838897905396559,0.7374450453535575,4.34870318470497
0x2ea721f9233304c9debf16bf9f2ea6fda1920d3b16275aab0bdaea384141af28,116,19000012,115169,17963360631,17953360630,1151690115169,4.407374179398442,-1.870173890564745,0.7221301518848864,-1.8944697157448023,0.7438164220424773,4.411732858345079
0x50c86c8e5566105b27ffe5eccdba3785bbe7abc26a15f72f060458f1aa12e66f,22,19000012,46626,20953360630,17953360630,139878000000000,4.688881350520287,-1.870173890564745,0.7221301518848864,-1.8892482922850709,0.743636024983944,4.692903691448954
0x101e0f20f936c7db6916b4ea1fcad14b19eb033be246cc4faf2a0fad6e14e928,14,19000012,240761,20034243730,17953360630,500995496039100,4.748803433200493,-1.870173890564745,0.7221301518848864,-1.8975739270042904,0.7462290231861309,4.753290896101445
0x11eea634a0e38201e1d814221b6a8ea4e63b2e89fd1c8e59edcc3bd43d49d75c,55,19000012,22744,18453360630,17953360630,11372000000000,4.971087693821316,-1.870173890564745,0.7221301518848864,-1.8857152736258693,0.7312798003384713,4.973754062306376
0x7d9980f1a3bdca700ca8591e70ab1e76eb116cb7bb8951e49ce27662589482ee,23,19000012,21000,24301366103,17953360630,133308114933000,5.080346381435218,-1.870173890564745,0.7221301518848864,-1.8952266794260952,0.7415152643772198,5.084125840810101
0xa7728be284dd8fe7a71bb28cd985cf9e1f039400982815919347de56ca523ed6,4,19000012,293670,40800497443,17953360630,6709518667873710,5.186385868132166,-1.870173890564745,0.7221301518848864,-1.8994450375093246,0.7417997666909754,5.190831527424772
0xc9c1d1ed293f62825be63b3068d89687581f2ed6169eb74e1003c60a89a80e40,124,19000012,57460,17963360630,17953360630,574600000000,5.263265251675245,-1.870173890564745,0.7221301518848864,-1.9064913915695554,0.7479835981677666,5.267794331440654
0x530a1e235ef9c211560f7c6bc2e11271fd0ea0f67f49e571a6c2a4b4e56f250c,59,19000012,77819,18053360630,17953360630,7781900000000,5.384622944487461,-1.870173890564745,0.7221301518848864,-1.9049058347269565,0.7469639277482067,5.388588481554738
0xe86bee19d4b959e975917f28168a06e28007b5f1220672a3970bab4d61254974,28,19000012,51895,19953360630,17953360630,103790000000000,5.4326515337339405,-1.870173890564745,0.7221301518848864,-1.9021525488588367,0.7433915472923337,5.437319451525288
0xbef11a6631e6e014fde5d2c6c92a14922f1b8924d3920fe12a7dcf7b4b5626ce,76,19000012,51475,18053360630,17953360630,5147500000000,5.548031101659278,-1.870173890564745,0.7221301518848864,-1.8898076505335453,0.746156272379641,5.551226129146302
0x02f26c89e87afa84840b25e8e931fd47fae631ec7355728f27e1bb4a2245104f,112,19000012,94723,17973360630,17953360630,1894460000000,5.581935892578947,-1.870173890564745,0.7221301518848864,-1.8983751428101343,0.7398152479640046,5.586203089055228
0x270993bcf0c22a4916b51cec09d80c96ccfee3060b4c905d19140ba2e121faa8,64,19000012,21000,20000000000,17953360630,42979426770000,5.627464798069765,-1.870173890564745,0.7221301518848864,-1.8726339661394724,0.7303261954845817,5.62811354723451
0xcc7c1989e57ac0f92f93961ecb8e1f4eeda8ace8bfcf3b9cae251bff96d2ef98,96,19000012,280528,17963360630,17953360630,2805280000000,5.631611454224436,-1.870173890564745,0.7221301518848864,-1.888171325671453,0.7352953268051527,5.634288811530578
0xb9793c2879052dd894833b5003df23398a4bdf96229aea6f073ad7e2f03eac5c,38,19000012,67512,18338369600,17953360630,25992725582640,5.636261934134361,-1.870173890564745,0.7221301518848864,-1.8955205962572124,0.7434853185370098,5.641135937058998
0x37332f51793a5dd3f3f86717df08197b934c012ebe86c7ba6b61f8cb759053e5,120,19000012,62260,17968360630,17953360630,933900000000,5.714200767793779,-1.870173890564745,0.7221301518848864,-1.8993991340890704,0.7456787233513449,5.719588607944797
0x0101e97861a17a7dfe3a3bd9cc9f0d5a7f0deb843a65d0719faeb89cbdecc216,86,19000012,46300,18053360630,17953360630,4630000000000,5.741416834218235,-1.870173890564745,0.7221301518848864,-1.9021972469318733,0.7375606679978959,5.746771400819532
0x731acfefb04ac66bbbbd4b2f2723bb7704267144915dcf552c28394ca1a2a0fd,32,19000012,212290,18253360630,17953360630,63687000000000,5.780502794916412,-1.870173890564745,0.7221301518848864,-1.9085277435760901,0.755609341021334,5.786284919950799
0x40b26bb6f2ad0fe341d39eb55f67a978e87e05d2a3639f87285925bdf81fb758,2,19000012,142778,18453360630,17953360630,71389000000000,5.805762306182352,-1.870173890564745,0.7221301518848864,-1.885228398293558,0.7337154131858318,5.808206636116744
0xac19c98bacfac9c15a3ed745139df92b5773a1c92669a247ca6c1f69c075a042,33,19000012,29983,19827037527,17953360630,56178454402751,5.863606410979421,-1.870173890564745,0.7221301518848864,-1.8826418451053613,0.734766817174542,5.866307481781013
0x897a28a5dc7123270b207b7e16e9dc572d84dd570bc147f7ba1313403311e71e,113,19000012,21000,18043360630,17953360630,1890000000000,5.989178270990578,-1.870173890564745,0.7221301518848864,-1.9049295521524598,0.7458391342761055,5.994585405054393
0x63ea9c94a06c01c3b04113d1fb34cf2e8520b8a9b0965961c1b3666895b0b28a,58,19000012,94323,18053360630,17953360630,9432300000000,6.0129236283628025,-1.870173890564745,0.7221301518848864,-1.9100260961201738,0.7437833229380683,6.0183698696300745
0x26b46f09e9f791c9f266abb38ea8b53f9a9660fb44f1640ff93d34e5b624dc85,35,19000012,122357,18212948846,17953360630,31762435345112,6.158242765864413,-1.870173890564745,0.7221301518848864,-1.902374603978595,0.749299313198415,6.162911296180532
0x81188cd474bdbd9e9111ca993472f2ec7d9d463f938ad5f3ec63e14d89c9bc34,60,19000012,74622,18053360630,17953360630,7462200000000,6.2005615402938155,-1.870173890564745,0.7221301518848864,-1.9117780894934704,0.7507189936456188,6.206495946090716
0x7f23494169c88175c9e16c13e0127f522a1f62d8d42487dcdc983d637e9d5002,45,19000012,55570,18253360630,17953360630,16671000000000,6.260737179086377,-1.870173890564745,0.7221301518848864,-1.8916454744258904,0.741704562269735,6.265115601128185
0xcadd4f890c2acece6abbb1616680d49bd9e85b2b9be8147463043efe0079bb01,53,19000012,112678,18053360630,17953360630,11267800000000,6.341004442967149,-1.870173890564745,0.7221301518848864,-1.8655754555917459,0.7151437424018721,6.3409310695977545
0x48b541498ca6d0d3dc03253f1b66ab952e72ca779815c7d59a19af60422e04fc,129,19000012,27938,17953360631,17953360630,27938,6.557987426002013,-1.870173890564745,0.7221301518848864,-1.885931640854178,0.7351092421607235,6.561405228649479
0x2bc783fbf680d21f344009b60703f17e1b66dfb747e92c12165a3707fea840c1,62,19000012,21000,21000000000,17953360630,63979426770000,6.5634899842995225,-1.870173890564745,0.7221301518848864,-1.8953879301552055,0.73989644190317,6.565847914095615
0xaccd89b364775ece0a2e88639f61c4e99cccef2b427e42b53a02dc915bfa1b6b,47,19000012,153535,18053360630,17953360630,15353500000000,6.594963051323582,-1.870173890564745,0.7221301518848864,-1.8890269228980592,0.7434138494418179,6.597762386880301
0xa34a665d581d7da50d02ad1696e0aa520016dfe346ec7383f991d933619c2c6d,98,19000012,24282,18053360630,17953360630,2428200000000,6.655777812867212,-1.870173890564745,0.7221301518848864,-1.8807124239840611,0.7445516343817836,6.658794635474555
0x2ff934e06012f83308b998deaba3e61e52897ca970df02d5a5ed38bb3a2fc2c8,12,19000012,240761,20034243730,17953360630,500995496039100,6.712494658081977,-1.870173890564745,0.7221301518848864,-1.892394669302361,0.7387312263686086,6.715066668923486
0x8f4de8f078f9a261e836662c663f938bc277fdda8ee52c82c302f3eeb892c09b,77,19000012,51438,18053360630,17953360630,5143800000000,6.785960261754014,-1.870173890564745,0.7221301518848864,-1.9047447871969725,0.7429176356695584,6.789203126855117
0xe3a9afbf34606abf5a0c7ba45f91158af3367e6249c2bc1cf327d588e1b571dc,70,19000012,21000,18953360630,17953360630,21000000000000,6.789781357883496,-1.870173890564745,0.7221301518848864,-1.9074590224759633,0.7449401415879213,6.79498381856934
0x852601aa4e039aa103db858fa87a46fe5d1bbcd225c6d1bad7bc0dfd958e07d0,10,19000012,72300,28230070711,17953360630,743006138856300,6.818006067861605,-1.870173890564745,0.7221301518848864,-1.8938640328927805,0.7332345534201661,6.82066733103803
0x7d0b02811e3aa495fae46d67b105ff04c7c7ca0d420594f6e8232bc4526990f9,1,19000012,174333,18053360630,17953360630,17433300000000,6.884616672370423,-1.870173890564745,0.7221301518848864,-1.8804204649999747,0.7379784336325588,6.8863760251511374
0xcabd72edc9be51cc68167949220de15a92b2f85ff5c80e046ceb88bdd23bfa6b,26,19000012,63197,19953360630,17953360630,126394000000000,6.946320520955326,-1.870173890564745,0.7221301518848864,-1.8947446897700575,0.738398862477416,6.949843334170247
0x317c8254b555a67bfa8bd520e986aee01fcced24439b94774585979f3c20629b,63,19000012,21000,20647634738,17953360630,56579756268000,7.003479539556121,-1.870173890564745,0.7221301518848864,-1.8965613898267017,0.7383772345226102,7.007530452268943
0xef52d75242531f92f0a451d66fc66a8c6f7aeda79a0a398a5c6ab8c640f04694,30,19000012,21000,22602445032,17953360630,97630772442000,7.043066778684314,-1.870173890564745,0.7221301518848864,-1.8672350406383436,0.7277775405934496,7.0429945211639176
0xd6942f0af541396f5dc2eabe708ac4e4f3fe0bc45543c6a3c6f1242eb546e230,49,19000012,149057,18053360630,17953360630,14905700000000,7.153823602530856,-1.870173890564745,0.7221301518848864,-1.8878720583724447,0.7421973575683299,7.156177070515548
0xcf0d605e72433084337e2ba1c21bd530fb5197cc787e82ac81049fb0d66ce938,125,19000012,46886,17963360630,17953360630,468860000000,7.3424880109794195,-1.870173890564745,0.7221301518848864,-1.9038076823428403,0.7427561653972573,7.3468788497557345
0x5677b4124a2e478bb374c2bc9ea7eb9fac850a7b09f3a573b1e8bb0c12980b16,9,19000012,286223,20953360630,17953360630,858669000000000,7.3592492175537885,-1.870173890564745,0.7221301518848864,-1.880590729228554,0.73174963193881,7.3614536552018555
0xb90a54c08f7ea4e149f2ac1a81e9226919c4750fbfa6abff97b8cac036ef90ed,82,19000012,47107,18053360630,17953360630,4710700000000,7.424893286677342,-1.870173890564745,0.7221301518848864,-1.8850148530163287,0.7374643925725435,7.4280382761657595
0xf0f2e09614adfc0c16012d1b90ab6bc63b09a2955df13ad69574abb69d02c20e,128,19000012,21000,17963360630,17953360630,210000000000,7.495528656393255,-1.870173890564745,0.7221301518848864,-1.8777315888410406,0.7283947260781385,7.497276522854228
0xe3068adfa225850ae2a9bc67aeedafbac3f3fc36b3b267d28074d66dcdc9172e,108,19000012,21000,18053360630,17953360630,2100000000000,7.581928831062301,-1.870173890564745,0.7221301518848864,-1.894149124934783,0.7349329428692518,7.585383504194375
0xd980c67792ed61555a22f636c5c0c78da8b4adbde994f0f378a62909799c7213,74,19000012,57460,18053360630,17953360630,5746000000000,7.635324263147854,-1.870173890564745,0.7221301518848864,-1.8992130121755708,0.7367532216318553,7.6391240716901185
0xe8488d875cdf5581961b4ddc42d8e9c311148af6bbca196e7e4ec624a0e46e6f,0,19000012,333873,17953360630,17953360630,0,7.670499663033327,-1.870173890564745,0.7221301518848864,-1.868421356600753,0.7386649970006129,7.6711540103247025
0xb125e969f78be14ed310ff12e73ed86e0813b60bc4aba08d68df0677984f3c73,89,19000012,21000,18153360630,17953360630,4200000000000,7.771773411534019,-1.870173890564745,0.7221301518848864,-1.897275983716078,0.7368962137652151,7.775746894351553
0x8dad6ed73b4dce7fb1313fc5538a60c3203be39290b4fb29a791c7617795e086,106,19000012,21000,18053360630,17953360630,2100000000000,7.9890800516421505,-1.870173890564745,0.7221301518848864,-1.8894992279254574,0.739251195757815,7.992697255694465
0xc2527b9902bdf2d4baf8ca510a0681415e58e99af1875ce5d543bf7763681519,75,19000012,52101,18053360630,17953360630,5210100000000,8.126235925979351,-1.870173890564745,0.7221301518848864,-1.9001001634763406,0.7437544310653202,8.130382781038021
0xa71da88c6f60f1781917615149f4b5c75c86c423a40a864e4bc99fddc4e29eac,83,19000012,46875,18053360630,17953360630,4687500000000,8.12826438001499,-1.870173890564745,0.7221301518848864,-1.896032887241025,0.7441926412588639,8.132006658370438
0x9752b4ddf3d00c7a41d385b345da02675784eebfa5232430691c39bd56600323,6,19000012,250364,37953360630,17953360630,5007280000000000,8.23200921659214,-1.870173890564745,0.7221301518848864,-1.9005140622793444,0.7424406831298732,8.235898101031808
0x00000000e0ecad9aba9556d9f4c72f56077f3c9ae9659c9fbba8200edc144666,39,19000012,22776,18953360630,17953360630,22776000000000,8.252445786801715,-1.870173890564745,0.7221301518848864,-1.8958373318392683,0.7438976951537758,8.256525647491076
0x204b08bbc43b1a663323cbf732cfb059eb0f9d0823c0458c75e4617bcd21f469,105,19000012,21000,18053360630,17953360630,2100000000000,8.355756679462514,-1.870173890564745,0.7221301518848864,-1.9027514010268358,0.748812058782138,8.360615362458544
0x7d4695072bc7f66912df12062f44f09ab07ad96afed23ac276e7bf676a3c6b5b,85,19000012,46863,18053360630,17953360630,4686300000000,8.403114264081076,-1.870173890564745,0.7221301518848864,-1.908566131681685,0.7391977067307084,8.406866998282025
0xf7749c97430fdf99de9e467728107609c77317b338b81334042f8def6b4804a8,21,19000012,50400,23000000000,17953360630,254350624248000,8.47150370576947,-1.870173890564745,0.7221301518848864,-1.8739676302120483,0.7332529855562084,8.472389255839392
0x00443e5aed74a6998aaa96b752c7c0ec353600ccc9870d9ce2dc4dab9d864551,122,19000012,63212,17963360630,17953360630,632120000000,8.497433687889043,-1.870173890564745,0.7221301518848864,-1.9057835000777288,0.747739637112461,8.502328576652692
0x8cec78316adea3ffd2e1a00564b9529faa85cddc928c0c4996a361e4c75f1278,69,19000012,21000,18953360630,17953360630,21000000000000,8.567055538892559,-1.870173890564745,0.7221301518848864,-1.8920916878511451,0.7333223059600611,8.569654578506809
0x43708ccb73b5130b3ed6b81a1f062cd9474e5da23f560c48fef755be66906696,126,19000012,46085,17963360630,17953360630,460850000000,8.724733403001377,-1.870173890564745,0.7221301518848864,-1.9043663998675593,0.7547599536875201,8.730574097841137
0x924bcd1fc35e566ebfa90da8b8554ec4638a92b653d2762a5918f6ca2529909f,109,19000012,21000,18053360630,17953360630,2100000000000,8.73445686678618,-1.870173890564745,0.7221301518848864,-1.896662442900832,0.7421834133462204,8.738848520988341
0x03c41a22994ff7e417d4d828bcb3c910d52f478707c164664664b9199a79597a,72,19000012,60512,18053360630,17953360630,6051200000000,8.763640628959593,-1.870173890564745,0.7221301518848864,-1.9021993553214007,0.7476063146805143,8.7680276562644
0x22168a4282174f4030aa3b9f1c605ffd899f34f9544be89703e64dbb9f2d42f2,65,19000012,21000,19953360630,17953360630,42000000000000,8.763998093927956,-1.870173890564745,0.7221301518848864,-1.8900276449951001,0.7421468131475724,8.767783028447916
0x04d6edab83f887b0a896e9f23056023744ec9ec1072b49b50b2dd90bd490e95b,80,19000012,47233,18053360630,17953360630,4723300000000,8.909671842172544,-1.870173890564745,0.7221301518848864,-1.8694529158021707,0.720878185991106,8.909596991964749
0x7318b1b0660cd8c620f126e80bfd6fd2e7c143d35f4e83be406b44c9f1f22b20,56,19000012,113052,18053360630,17953360630,11305200000000,8.977744927403563,-1.870173890564745,0.7221301518848864,-1.9049460737665038,0.7385090651711383,8.982936122410681
0x11e3fe1106643127fec8881e3f536ea8d959de454de28673ae78ab6dd8fc26e9,46,19000012,154040,18053360630,17953360630,15404000000000,9.201125558538292,-1.870173890564745,0.7221301518848864,-1.8992771688273167,0.7381460204925181,9.20516147039475
0xc6f73835fec2e94bcb690897a151f1c22df2f358f36e87210228bd53b5dee7fe,41,19000012,252826,18033360630,17953360630,20226080000000,9.374859567542565,-1.870173890564745,0.7221301518848864,-1.9215056291999904,0.7531172720610055,9.38182906340729
0x268afe7b6cd0c7f1040e1c66a156d31eb991e9969c436d512380ae24c8a90a4a,118,19000012,21000,18000000000,17953360630,979426770000,9.442155588939812,-1.870173890564745,0.7221301518848864,-1.9001840212525383,0.7384718383068669,9.446317800226247
0x2df95d4805ce1dcab90b6eec7b909a980c4ef335d5389fb19777dd21f02765f9,20,19000012,125074,21126323103,17953360630,396855108348002,9.520355705899522,-1.870173890564745,0.7221301518848864,-1.8750640360361148,0.7377225430146335,9.521797858559127
0x5eb6ce4cad374af74f216b79f2344252f559b2f214385e5e83477eb91238faa4,123,19000012,63197,17963360630,17953360630,631970000000,9.527725534525317,-1.870173890564745,0.7221301518848864,-1.8901198062778164,0.7404080588622232,9.53110699322454
0x94744befeb5ad35a9846bc229c346b09a7f47d1c5ea7761e48445393730c56ca,50,19000012,148603,18053360630,17953360630,14860300000000,9.530902981579938,-1.870173890564745,0.7221301518848864,-1.8865470457753553,0.739860618319579,9.534173102036897
0x30f6d097e7e4083a65e0befbc47651459a53df484cd21849aa1713bc499e576f,24,19000012,21000,24000000000,17953360630,126979426770000,9.713475950538934,-1.870173890564745,0.7221301518848864,-1.8815100243831975,0.7336853884134072,9.715051701374243
0x0a79dc0b869c1be76068df8f67036b890cce6b484dae7208c5cf671aeb218316,84,19000012,46871,18053360630,17953360630,4687100000000,9.719310610892254,-1.870173890564745,0.7221301518848864,-1.8792665580355687,0.7333546416588916,9.720737640713253
0x1dc4d1d2b4717755e0515895c79de44211fb21c2b9d021bae793b4c3e9b47e9f,78,19000012,47413,18053360630,17953360630,4741300000000,9.743683535099915,-1.870173890564745,0.7221301518848864,-1.9006148317454155,0.7445280521686461,9.74759858805274
0x399116090a4f7d503ac97de46854e12ed059449043035cc0bbeb613cf41b7041,127,19000012,21000,17963360630,17953360630,210000000000,9.867434962399216,-1.870173890564745,0.7221301518848864,-1.8941904216382612,0.7427014456388074,9.870590167572939
0x8b4ad96af7ce785cda7a5cfe9d37f583fadc93e85d140bec3b805ee341db354f,87,19000012,46154,18053360630,17953360630,4615400000000,9.914590436787561,-1.870173890564745,0.7221301518848864,-1.892231867313916,0.7387865509490545,9.916953012817833
0x43c0d22d8c1745245f1110097645165fc93c47d3406b766d6e1dab0486318e91,42,19000012,198739,18053360630,17953360630,19873900000000,10.001029977345262,-1.870173890564745,0.7221301518848864,-1.8830019853359923,0.7374278092380129,10.003358921595153
0x15ed7831901cd4d5f7548a97293f919c95d96881d38e219e896069c11e2f257b,90,19000012,46109,18043360630,17953360630,4149810000000,10.202424828201416,-1.870173890564745,0.7221301518848864,-1.8895996639653367,0.7407282198111744,10.205147139325303
0xbe32dc889f31defb3128b6cb458fa3de209842f6a3a26e6bbd8a64ad9ee6a23e,115,19000012,159212,17963360630,17953360630,1592120000000,10.225080395272915,-1.870173890564745,0.7221301518848864,-1.8858386135703538,0.7341609049652529,10.227178082628154
0x4b2d381db9f405b50e32c91dd03e110305e0d9ec221d579924157c0d7dd1b9af,93,19000012,73648,18000000000,17953360630,3434896321760,10.25212776245447,-1.870173890564745,0.7221301518848864,-1.9154118821937918,0.7448757538551192,10.257458262610717
0xcff8ea3e19420116112e0c07c2606572dc6bfb7c67b365b639c191f2aa394ce0,7,19000012,98887,43086359977,17953360630,2485326906426789,10.419290736816357,-1.870173890564745,0.7221301518848864,-1.904553183712285,0.7380622836156422,10.423963331535676
0x17ec235eb43f99e4ccf044f95bafff662423ca756cf0f115766d95194489c79d,117,19000012,21000,18000000000,17953360630,979426770000,10.667823591743412,-1.870173890564745,0.7221301518848864,-1.905054140443631,0.7487567515945831,10.673185775924473
0x79d8c0ebbd6ba9c131f3596d39154ca62a7333541fa0ff692cbd659cf634749a,5,19000012,182194,47953360630,17953360630,5465820000000000,10.995426001003608,-1.870173890564745,0.7221301518848864,-1.8978328544623142,0.742825952478138,10.99958274838004
0x9432f5f8eb9be09d3c568f644dc2a83c8d57a81611de4285e7b287cad07a4491,81,19000012,47178,18053360630,17953360630,4717800000000,11.103938990855578,-1.870173890564745,0.7221301518848864,-1.8963794612737248,0.7375032086900222,11.108308953560313
0xa372ef4998806c7ee48ba8b15a53a21964c1b2d4a1d1c31ca42542edba8704f5,111,19000012,21000,18053360630,17953360630,2100000000000,11.17092332003485,-1.870173890564745,0.7221301518848864,-1.8871311390339445,0.7276633548586064,11.172504518533952
0x0917904e08b79ffd5e2e38d29f207bd37802832c4281d2bbad3af2e3ee1574aa,71,19000012,21000,18453360630,17953360630,10500000000000,11.39985996372909,-1.870173890564745,0.7221301518848864,-1.8713398256465958,0.7202743060286056,11.400040839297793
0x359dd3b356047779fe388fcb4a3626526f5fee2dfc28c9a819b6553353f6ed39,94,19000012,31933,18053360630,17953360630,3193300000000,11.615510845586709,-1.870173890564745,0.7221301518848864,-1.9039016884888333,0.7411606164687075,11.619820509953643
0xe372ddf511f3076530174ec757af3dd5508271d87cc31db150e3cfbfc9dc5269,16,19000012,63197,25682084993,17953360630,488432193568511,11.638016275011559,-1.870173890564745,0.7221301518848864,-1.8917765333087846,0.7359489620595282,11.640919587220138
0x0ab017374874f40a4e1f157f0d4b2240c57664dc671e47425ef22a4ada3c620e,3,19000012,295528,18453360630,17953360630,147764000000000,11.711985226939621,-1.870173890564745,0.7221301518848864,-1.889270520088063,0.7415499083569231,11.714645542396577
0x341256f539ebfeb89b15372ef5d8184f13f8001f78aea305202a618483914974,40,19000012,211868,18053360630,17953360630,21186800000000,11.840097116470464,-1.870173890564745,0.7221301518848864,-1.900157868775758,0.7384240229955086,11.843594598191729
0x58e35d9401e191f6e14a36c6b0a5a2c27c0d14ec9ab2c00f3074123d5697e213,25,19000012,63209,19953360630,17953360630,126418000000000,11.985604860730025,-1.870173890564745,0.7221301518848864,-1.8978387077991754,0.7393799975300739,11.989158011015459
